employeeNumber,lastName,firstName,extension,email,officeCode,reportsTo,jobTitle
1002,Murphy,Diane,x5800,dmurphy@classicmodelcars.com,1,,President
1056,Patterson,Mary,x4611,mpatterso@classicmodelcars.com,6,1002.0,VP Sales
1076,Firrelli,Julie,x9273,jfirrelli@classicmodelcars.com,2,1002.0,VP Marketing
1088,Patterson,Jeff,x4871,jpatterson@classicmodelcars.com,3,1002.0,Sales Manager (NA)
1102,Bondur,Gerard,x5408,gbondur@classicmodelcars.com,4,1056.0,Sales Manager (EMEA)
1143,Bow,Anthony,x5428,abow@classicmodelcars.com,1,1056.0,Sales Manager (APAC)
1165,Jennings,Leslie,x3291,ljennings@classicmodelcars.com,3,1143.0,Sales Rep
1166,Thompson,Leslie,x4065,lthompson@classicmodelcars.com,4,1143.0,Sales Rep
1188,Firrelli,Julie,x2173,jfirrelli@classicmodelcars.com,2,1143.0,Sales Rep
